{
    "appid": "1942000",
    "type": "Game",
    "name": "Shape Puzzle",
    "schinese_name": "",
    "isfreeapp": "0",
    "change_number": "22604855",
    "update_time": "2024-05-27 09:00:42",
    "depot": {
        "1942001": {
            "config": {
                "oslist": "windows",
                "osarch": "64"
            },
            "manifests": {
                "public": {
                    "gid": "4108617794495005260",
                    "size": "537291731",
                    "download": "67669664"
                }
            },
            "decryptionkey": "90c80d875188b4bf6919e3eb088aa00c6a7f5eaf63d5ba73541316a6d609b7bb"
        },
        "1942002": {
            "config": {
                "oslist": "windows",
                "osarch": "32"
            },
            "manifests": {
                "public": {
                    "gid": "1248525968625835868",
                    "size": "529601491",
                    "download": "65216800"
                }
            },
            "decryptionkey": "31229a226817a83928328ccc5cdbd4602cdaa14c8978152137cdcfa8acd65487"
        },
        "1942003": {
            "config": {
                "oslist": "linux"
            },
            "manifests": {
                "public": {
                    "gid": "6742884641860633320",
                    "size": "580877026",
                    "download": "69101856"
                }
            },
            "decryptionkey": "0def61af81493376e47379131e1b0a2595d0a2fa39382bfacbc192445a09748f"
        },
        "1942006": {
            "config": {
                "oslist": "windows"
            },
            "manifests": {
                "public": {
                    "gid": "7642787622188001918",
                    "size": "529535595",
                    "download": "65200544"
                }
            },
            "decryptionkey": ""
        },
        "branches": {
            "public": {
                "buildid": "13623907",
                "timeupdated": "1709425268"
            }
        }
    }
}