{
    "appid": "1942660",
    "type": "Game",
    "name": "WWE 2K23",
    "schinese_name": "",
    "isfreeapp": "0",
    "change_number": "26719627",
    "update_time": "2024-12-20 03:14:01",
    "depot": {
        "228988": {
            "config": {
                "oslist": "windows"
            },
            "depotfromapp": "228980",
            "sharedinstall": "1"
        },
        "1942661": {
            "manifests": {
                "public": {
                    "gid": "8345020917175693014",
                    "size": "86051053695",
                    "download": "84826959248"
                }
            },
            "decryptionkey": "9d1b0097a379bec2df245db6cf282f44f4b7d1760a07a012f664eb1acb888686"
        },
        "baselanguages": "english,german,french,italian,spanish,arabic",
        "branches": {
            "public": {
                "buildid": "12917054",
                "timeupdated": "1702487433"
            }
        },
        "privatebranches": "1"
    }
}